mr_id,updated,prod_volume,prod_cost,supl_quality,delivery_delay,quality_sc,mainten_hours,downtime_perc,inv_turnover,stockout_rate,worker_prod,safety_incid,energy_cons,energy_eff,add_proc_time,add_mater_cost
1,2025-10-30 00:14:00,1119,4933.75,88.18,5,92.67,10,4.21,9.63,3.76,32.58,0,64.58,71.58,116.56,179.86
2,2025-10-21 00:14:00,796,8589.12,93.9,7,77.88,17,5.63,7.9,3.06,44.54,1,49.8,64.93,89.68,244.59
3,2025-11-01 00:14:00,2444,3964.78,85.58,0,83.67,12,4.33,7.63,3.39,39.08,0,41.0,75.48,96.57,305.61
4,2025-11-14 00:14:00,2884,5447.58,80.1,6,82.85,5,4.81,7.29,4.25,51.35,0,26.62,69.36,104.43,284.26
5,2025-10-20 00:14:00,2467,4967.15,66.88,3,87.94,17,3.94,10.36,1.67,59.94,0,62.29,60.06,77.15,320.1
6,2025-10-20 00:14:00,432,7376.79,69.35,1,77.01,13,1.97,6.75,2.65,56.46,0,56.36,87.55,106.31,234.86
7,2025-11-15 00:14:00,2410,10000.0,76.95,6,87.31,7,5.64,8.09,2.23,26.28,0,35.51,70.02,145.91,317.3
8,2025-11-03 00:14:00,1195,3938.26,73.9,7,95.12,7,8.51,8.1,3.38,70.42,0,41.92,62.32,76.66,240.33
9,2025-10-16 00:14:00,3169,4021.12,78.13,4,78.18,11,5.04,7.0,4.23,52.95,0,43.0,73.32,135.15,323.58
10,2025-10-31 00:14:00,2866,7088.32,80.57,6,85.95,12,5.45,5.26,2.4,42.24,1,27.76,75.68,144.94,248.91
11,2025-10-17 00:14:00,1560,6363.78,85.3,8,81.69,10,6.39,8.65,0.61,51.57,0,37.73,57.54,75.52,285.36
12,2025-10-17 00:14:00,1986,8693.41,79.3,7,87.13,11,2.46,7.88,2.59,51.76,0,32.99,78.32,56.35,323.76
13,2025-10-26 00:14:00,1440,6167.86,84.87,8,85.1,18,8.41,9.0,3.91,43.33,0,43.81,64.53,109.06,240.33
14,2025-09-25 00:14:00,2437,4281.42,80.64,6,81.79,15,5.4,6.93,3.54,51.98,0,38.92,92.11,83.58,260.92
15,2025-09-28 00:14:00,3455,6181.31,60.25,5,87.44,10,8.26,10.44,3.43,43.93,0,25.59,80.24,156.06,314.44
16,2025-10-15 00:14:00,1514,7217.41,70.61,1,94.02,14,3.53,6.25,2.72,45.96,0,80.34,71.0,101.04,243.35
17,2025-10-08 00:14:00,3004,6640.96,78.56,4,84.05,4,8.64,11.42,1.72,43.14,0,68.79,67.55,75.93,183.96
18,2025-10-27 00:14:00,1969,6014.55,67.9,3,88.6,11,6.55,4.5,3.52,35.67,0,38.31,73.95,65.59,357.15
19,2025-10-10 00:14:00,1707,7133.35,86.0,9,78.53,19,6.11,8.87,2.17,51.46,0,54.09,81.13,132.7,226.51
20,2025-10-02 00:14:00,2392,7338.59,95.31,4,80.22,8,5.47,8.95,5.18,55.85,0,56.26,74.75,82.86,257.94
21,2025-11-13 00:14:00,1464,7764.32,92.19,5,87.36,5,4.5,6.41,3.57,55.15,0,67.87,72.83,101.31,307.8
22,2025-10-20 00:14:00,1946,6297.42,77.87,6,92.42,6,7.4,8.85,2.42,58.2,0,37.72,75.58,128.67,219.58
23,2025-10-24 00:14:00,1302,4665.76,94.91,5,86.78,4,5.28,10.56,2.39,53.24,0,66.38,68.96,85.47,199.61
24,2025-10-02 00:14:00,4464,5293.43,81.49,8,83.43,6,1.07,3.57,2.91,44.67,0,41.78,71.57,98.62,262.69
25,2025-10-15 00:14:00,2535,7413.02,76.63,3,85.0,8,2.77,9.01,2.76,58.4,0,29.96,54.14,99.5,160.35
26,2025-10-24 00:14:00,1800,3366.13,73.87,5,78.75,2,4.63,3.01,4.12,36.42,0,60.86,84.74,120.5,235.6
27,2025-10-06 00:14:00,2713,5737.35,76.98,3,88.02,10,5.62,6.07,3.19,40.99,0,69.36,77.99,117.72,262.25
28,2025-10-28 00:14:00,2387,4213.32,76.12,2,89.41,14,4.89,11.26,2.27,40.36,0,88.82,67.27,93.4,236.5
29,2025-10-14 00:14:00,2279,5057.49,81.7,3,82.74,5,7.44,6.84,4.89,60.8,0,32.0,93.99,101.91,172.83
30,2025-10-19 00:14:00,3114,7556.9,81.61,4,82.65,17,1.1,5.65,3.05,59.43,0,60.48,75.87,88.85,329.71
31,2025-10-14 00:14:00,3257,5382.2,80.03,4,86.33,12,5.29,7.6,3.77,54.87,0,43.85,64.64,55.67,255.18
32,2025-11-19 00:14:00,1969,5092.87,84.37,3,82.82,15,1.36,12.14,2.39,60.72,1,61.75,83.57,107.73,321.56
33,2025-10-23 00:14:00,1924,2280.29,91.91,2,84.67,6,6.52,4.34,3.36,41.21,0,27.94,78.98,156.77,237.0
34,2025-10-08 00:14:00,2224,6492.51,89.5,4,95.5,14,4.81,5.9,3.31,53.49,0,31.06,78.95,73.49,206.0
35,2025-11-04 00:14:00,198,6290.97,65.15,1,83.76,4,5.84,10.99,1.11,48.75,0,38.36,70.74,76.81,263.46
36,2025-10-05 00:14:00,984,9326.51,54.46,6,83.21,14,3.27,11.72,5.02,58.47,0,51.18,79.5,73.88,239.21
37,2025-10-26 00:14:00,3866,4384.44,89.34,5,81.76,10,7.56,7.79,4.29,48.85,0,40.38,72.38,121.74,191.11
38,2025-09-24 00:14:00,4144,5438.3,66.33,2,88.72,12,7.08,5.52,2.6,46.15,1,59.89,80.56,113.45,323.49
39,2025-10-04 00:14:00,2250,5498.77,77.75,4,84.09,4,6.17,12.19,1.9,55.41,0,65.4,55.95,95.24,218.89
40,2025-10-25 00:14:00,3076,8154.91,68.3,3,81.75,5,4.74,11.19,3.35,58.76,0,58.99,70.66,72.46,157.99
41,2025-11-03 00:14:00,2811,4809.41,61.98,5,91.61,12,6.16,9.36,3.09,43.32,0,74.28,92.22,102.77,316.41
42,2025-10-25 00:14:00,5000,5558.04,85.41,7,92.1,5,3.59,6.38,3.36,49.39,0,56.24,67.33,53.06,224.79
43,2025-10-22 00:14:00,3619,6215.79,87.59,1,82.0,12,6.71,7.9,3.19,39.42,0,31.75,68.96,104.3,219.61
44,2025-10-19 00:14:00,2372,5373.22,74.23,5,75.67,3,8.3,7.68,3.51,25.02,0,70.45,70.52,126.15,161.73
45,2025-10-01 00:14:00,1544,4107.13,54.09,4,90.04,14,7.14,8.66,4.45,52.0,1,40.92,62.85,62.46,337.05
46,2025-10-13 00:14:00,893,5388.18,74.54,6,81.58,3,3.54,10.9,3.57,56.09,0,63.66,52.92,54.02,185.53
47,2025-10-17 00:14:00,2703,7147.26,83.92,5,88.95,12,5.72,9.76,1.95,52.62,0,73.61,72.69,147.38,252.92
48,2025-11-07 00:14:00,1743,2946.97,65.21,3,75.15,13,2.41,5.85,4.36,30.5,1,56.85,76.36,81.65,295.63
49,2025-10-28 00:14:00,1077,5265.94,81.83,4,89.46,6,6.14,10.75,4.64,46.49,1,27.56,74.47,134.08,271.09
50,2025-09-27 00:14:00,1853,3599.76,79.85,3,78.94,12,5.9,8.63,6.15,27.82,0,36.23,73.55,95.38,247.02
51,2025-10-27 00:14:00,1418,7390.09,85.79,7,88.65,11,1.26,9.37,1.88,63.7,0,69.84,75.43,95.14,164.92
52,2025-10-18 00:14:00,4187,1953.63,81.2,5,85.07,7,2.68,10.93,3.24,39.14,0,47.46,85.23,113.15,209.51
53,2025-10-13 00:14:00,3381,3882.16,70.27,8,80.23,4,4.43,5.78,0.92,62.55,0,51.19,73.1,73.48,259.39
54,2025-11-01 00:14:00,2492,5754.42,91.97,4,82.96,0,4.4,7.93,3.55,59.46,0,61.38,69.26,103.97,210.64
55,2025-11-07 00:14:00,3979,8131.05,78.41,3,88.43,11,2.58,6.94,2.45,40.99,0,60.44,72.19,88.56,260.17
56,2025-11-05 00:14:00,2577,4868.5,79.73,1,85.53,2,5.78,4.86,4.92,38.67,0,54.18,80.79,60.39,284.09
57,2025-10-11 00:14:00,1638,3889.6,70.67,1,87.92,10,5.5,8.69,2.23,53.5,0,46.87,89.12,110.12,298.13
58,2025-10-19 00:14:00,4023,8762.31,75.57,1,94.88,8,4.61,13.02,1.31,41.56,0,45.31,68.72,92.1,188.69
59,2025-10-27 00:14:00,3038,2103.97,71.15,5,77.18,13,3.49,4.32,2.53,51.02,0,62.87,75.99,95.29,359.83
60,2025-11-06 00:14:00,1462,602.39,78.27,6,93.09,8,7.1,7.94,1.02,45.17,0,58.3,78.38,63.7,288.37
61,2025-10-16 00:14:00,2309,5880.03,97.12,1,85.52,8,8.31,9.28,3.75,32.19,0,46.14,65.07,147.74,249.91
62,2025-10-21 00:14:00,1624,3995.89,66.28,6,80.51,13,4.03,8.25,0.93,27.7,0,66.23,75.2,126.3,304.48
63,2025-10-07 00:14:00,1117,2957.53,63.86,4,78.35,11,3.78,7.77,3.03,52.27,0,48.06,60.34,128.92,368.27
64,2025-10-06 00:14:00,3426,6416.71,94.71,5,84.05,11,5.98,5.4,0.92,44.38,2,37.23,57.31,90.84,178.06
65,2025-11-04 00:14:00,4409,5487.6,77.91,8,89.61,12,4.28,8.47,2.68,44.47,1,38.62,78.67,48.12,238.74
66,2025-11-12 00:14:00,1101,3871.84,73.31,6,84.36,2,4.72,6.49,4.64,56.96,0,35.32,71.16,158.59,131.08
67,2025-10-22 00:14:00,3062,2439.39,90.4,4,92.56,13,6.48,3.62,3.36,61.73,0,45.91,77.02,98.17,259.63
68,2025-11-07 00:14:00,1849,6744.91,73.94,3,77.74,13,1.18,10.39,2.14,47.27,0,68.51,74.82,77.54,268.27
69,2025-10-28 00:14:00,2012,6300.4,98.26,0,84.94,4,7.64,9.92,2.97,46.59,0,37.92,65.24,112.5,248.04
70,2025-10-14 00:14:00,1907,4801.65,86.78,3,78.74,8,5.15,8.1,3.02,55.0,0,52.83,74.55,135.01,217.27
71,2025-10-28 00:14:00,1636,8693.27,75.12,4,86.82,9,4.18,8.46,3.47,36.43,0,40.15,62.67,99.31,147.52
72,2025-11-15 00:14:00,2548,2859.83,100.0,3,89.43,9,4.82,10.15,1.63,52.23,0,46.1,88.91,138.36,268.68
73,2025-10-23 00:14:00,1669,1948.95,73.94,4,82.9,11,4.92,8.45,3.59,55.52,0,27.35,61.44,132.49,322.77
74,2025-11-15 00:14:00,2770,3616.18,87.42,5,71.98,17,1.54,9.81,0.3,56.8,0,46.69,73.04,67.71,220.45
75,2025-09-14 00:14:00,2449,4908.83,82.99,4,85.99,15,7.99,7.41,2.37,30.63,1,47.09,64.58,79.79,272.0
76,2025-11-04 00:14:00,2261,5486.68,93.02,3,87.18,3,5.08,10.62,2.51,42.39,0,58.1,80.7,128.73,171.59
77,2025-10-24 00:14:00,1592,4517.53,95.62,5,87.02,13,5.89,8.64,3.63,41.22,0,53.35,71.69,18.62,272.86
78,2025-10-19 00:14:00,1923,5704.11,80.32,5,91.18,16,6.9,8.39,3.02,51.0,0,32.02,69.81,95.52,230.33
79,2025-10-24 00:14:00,3255,2496.92,72.47,2,79.64,11,2.96,5.46,1.59,54.81,0,66.26,83.53,57.08,211.88
80,2025-09-24 00:14:00,3000,7887.53,84.6,7,88.4,15,5.95,8.57,2.02,64.97,0,53.15,75.29,85.7,211.98
81,2025-10-20 00:14:00,1522,4835.7,73.22,4,90.96,20,4.46,6.34,3.2,45.05,1,52.98,80.17,91.04,230.32
82,2025-10-28 00:14:00,2599,7234.59,100.0,5,76.11,15,6.69,6.72,2.92,45.02,0,49.86,65.19,89.25,269.12
83,2025-11-14 00:14:00,3251,5685.45,81.37,6,86.6,11,0.75,6.37,2.42,61.5,0,42.23,60.95,83.43,184.39
84,2025-10-16 00:14:00,830,5913.51,76.35,5,82.48,15,4.8,5.87,2.52,52.97,0,53.27,76.07,67.09,230.14
85,2025-10-11 00:14:00,3043,6139.53,81.85,6,84.59,10,3.79,12.25,3.7,62.68,0,57.13,71.81,168.76,247.93
86,2025-10-16 00:14:00,1837,5895.42,66.53,5,86.74,10,5.86,10.66,2.48,52.89,0,23.8,81.26,156.02,195.05
87,2025-11-05 00:14:00,3070,6285.45,70.28,3,82.56,8,5.94,11.84,2.91,38.43,0,41.92,74.2,65.14,339.83
88,2025-10-27 00:14:00,1736,7658.31,92.0,5,81.62,17,3.58,5.55,5.17,36.67,0,46.18,77.05,147.46,207.33
89,2025-10-16 00:14:00,695,5393.04,73.43,2,85.17,5,3.58,8.14,1.58,34.48,0,53.84,58.77,88.02,216.53
90,2025-10-30 00:14:00,872,6418.01,69.53,5,79.56,17,4.78,5.41,1.15,56.62,0,67.9,93.88,103.88,201.08
91,2025-10-24 00:14:00,2548,4820.53,85.37,4,79.57,12,3.21,6.61,3.78,61.89,0,38.42,73.36,98.1,339.92
92,2025-11-06 00:14:00,2759,7880.23,91.86,4,88.4,3,6.68,6.16,2.32,68.49,0,42.53,81.98,80.21,277.65
93,2025-10-13 00:14:00,1595,3647.22,87.19,4,79.26,11,4.26,10.48,2.68,58.43,0,42.31,66.64,129.52,203.17
94,2025-10-19 00:14:00,3138,8601.88,89.96,1,88.33,0,0.0,7.21,2.22,61.63,0,37.98,78.08,103.78,305.31
95,2025-10-18 00:14:00,838,4919.68,72.43,3,87.31,13,4.25,10.14,2.74,44.2,0,44.79,61.97,85.7,260.03
96,2025-10-02 00:14:00,2433,2138.45,65.78,5,76.37,14,2.92,9.21,4.6,38.44,0,61.56,79.52,60.86,262.86
97,2025-10-27 00:14:00,1288,5256.21,95.01,5,81.61,7,1.74,12.61,3.8,58.5,0,34.19,71.44,73.19,232.78
98,2025-10-26 00:14:00,1848,3637.9,76.77,2,90.97,10,2.53,5.04,3.86,54.18,0,56.42,75.29,50.76,212.53
99,2025-10-23 00:14:00,2547,6681.29,77.49,7,80.09,19,5.22,10.52,1.58,51.07,0,24.47,81.98,100.37,266.89
100,2025-10-20 00:14:00,1639,3694.75,93.28,3,82.68,7,7.66,10.29,1.85,53.87,0,41.58,62.67,64.1,222.75
101,2025-10-02 00:14:00,2115,4107.63,85.56,6,87.31,4,5.63,6.05,0.16,53.23,0,45.06,68.16,92.03,340.84
102,2025-10-17 00:14:00,3506,1220.92,84.56,5,88.92,17,3.79,10.01,2.19,62.84,0,75.12,79.57,141.1,186.54
103,2025-10-18 00:14:00,1923,4095.39,100.0,3,83.74,19,5.91,8.67,3.96,62.95,0,45.88,95.98,135.98,326.81
104,2025-10-11 00:14:00,3335,152.24,73.56,8,82.01,10,4.08,7.55,3.52,55.44,0,16.98,73.62,99.03,244.43
105,2025-10-21 00:14:00,1370,1832.19,89.28,2,92.11,15,3.61,6.35,2.78,58.46,1,20.02,80.91,97.39,264.95
106,2025-10-29 00:14:00,3029,6520.83,80.57,6,93.69,16,2.69,6.56,2.98,55.14,0,50.51,73.93,156.4,291.66
107,2025-11-20 00:14:00,3941,6571.6,82.69,7,89.89,6,1.5,12.1,2.31,45.39,0,59.21,94.42,115.62,218.49
108,2025-10-25 00:14:00,28,5850.92,95.28,3,85.43,7,4.22,8.0,3.2,57.57,0,55.63,57.53,90.17,293.21
109,2025-10-26 00:14:00,1703,3066.05,85.08,7,80.96,16,5.32,9.56,3.77,36.06,0,52.51,75.95,57.22,114.62
110,2025-10-22 00:14:00,3077,4904.58,85.38,4,80.85,18,4.81,6.42,1.38,60.54,1,67.43,58.74,111.82,214.0
111,2025-09-25 00:14:00,2296,4992.79,90.73,5,87.61,12,4.17,6.44,3.3,38.05,0,41.91,50.0,124.88,203.8
112,2025-10-23 00:14:00,2871,2683.27,76.35,5,87.09,5,3.11,10.16,3.93,52.86,1,63.42,77.97,81.05,187.32
113,2025-10-23 00:14:00,1896,8006.8,71.61,4,92.01,19,6.22,5.3,2.58,41.55,1,25.52,76.39,108.74,239.25
114,2025-11-28 00:14:00,2586,6754.72,69.55,6,88.25,7,2.37,7.17,3.7,55.53,1,36.43,72.15,89.09,269.29
115,2025-10-21 00:14:00,2344,4558.07,60.34,6,77.48,8,6.55,8.07,5.81,49.66,0,22.89,73.94,94.48,285.13
116,2025-10-27 00:14:00,3667,5053.77,100.0,1,90.26,11,3.0,8.22,2.9,34.05,0,45.88,100.0,25.37,262.04
117,2025-10-23 00:14:00,2754,5416.77,68.97,7,80.01,17,3.5,7.64,3.39,54.21,1,49.31,72.42,93.35,216.72
118,2025-10-06 00:14:00,2837,916.53,77.79,1,83.08,14,2.07,8.79,2.26,44.22,0,51.71,80.1,129.08,268.45
119,2025-11-09 00:14:00,2088,4505.65,77.23,7,86.25,12,4.0,9.39,3.18,58.81,0,50.93,68.51,81.06,256.21
120,2025-11-03 00:14:00,2012,3636.03,83.07,7,94.98,12,6.95,9.47,3.46,50.01,0,36.09,77.95,101.58,296.8
121,2025-11-03 00:14:00,2067,2996.76,88.16,2,100.0,10,6.03,6.03,3.19,53.95,0,47.15,72.62,77.32,288.85
122,2025-10-10 00:14:00,2894,4437.8,88.6,4,88.03,12,6.96,7.43,1.98,40.42,0,27.54,70.89,110.81,251.52
123,2025-11-13 00:14:00,2079,8595.37,74.17,2,84.08,0,6.04,10.39,3.21,44.11,0,70.45,93.19,93.5,205.14
124,2025-10-02 00:14:00,2789,6281.69,78.33,4,87.67,8,2.79,9.79,4.46,45.41,1,45.45,86.77,71.82,217.35
125,2025-10-31 00:14:00,4575,3857.64,82.83,4,89.44,11,4.34,5.25,3.45,58.57,0,42.67,76.37,139.98,222.51
126,2025-11-24 00:14:00,3371,6145.17,77.51,6,83.4,4,3.44,8.7,3.96,66.77,1,73.83,51.96,127.87,234.24
127,2025-10-09 00:14:00,2173,7798.71,96.07,7,93.98,11,7.66,4.04,2.76,41.95,1,31.37,71.39,81.85,263.4
128,2025-10-15 00:14:00,3701,6849.27,84.91,7,86.15,8,2.61,8.09,3.75,60.77,0,33.12,100.0,114.93,285.76
129,2025-10-24 00:14:00,2091,5119.26,87.35,3,87.49,18,6.79,11.8,3.28,28.3,0,33.56,72.69,116.12,247.44
130,2025-10-16 00:14:00,461,3706.13,86.63,4,88.33,17,6.79,6.1,2.05,38.06,0,48.98,86.03,119.27,250.81
131,2025-09-30 00:14:00,1491,6396.45,91.73,1,87.11,7,8.66,6.33,3.32,40.41,1,56.47,89.42,49.17,257.17
132,2025-10-24 00:14:00,629,5786.97,81.81,3,89.19,9,4.18,9.53,2.01,36.47,0,61.1,77.19,130.2,224.2
133,2025-10-08 00:14:00,2148,6790.39,67.03,6,81.91,9,6.42,4.91,2.37,34.16,0,88.58,66.58,82.91,203.73
134,2025-10-30 00:14:00,2518,6270.34,84.0,8,82.21,7,9.56,6.73,3.19,54.13,0,16.26,50.65,89.27,162.23
135,2025-10-10 00:14:00,4176,7099.11,73.49,2,79.5,10,3.76,9.19,3.3,47.86,0,59.13,81.84,179.14,215.24
136,2025-11-15 00:14:00,2826,3929.53,74.71,3,87.2,6,1.93,6.73,1.81,53.79,0,41.64,66.85,109.06,273.66
137,2025-10-12 00:14:00,2280,7634.79,85.86,4,88.89,4,1.24,7.53,4.05,56.9,0,41.2,76.76,88.41,214.85
138,2025-10-19 00:14:00,3329,5395.2,92.38,5,87.29,13,6.43,9.49,3.57,52.66,1,40.7,62.5,33.84,238.11
139,2025-11-04 00:14:00,288,9150.52,80.21,3,93.37,13,1.23,8.84,2.3,56.58,1,36.37,72.35,141.69,273.32
140,2025-10-05 00:14:00,2735,3621.62,83.09,5,84.97,5,4.26,8.53,1.46,49.3,0,75.27,75.34,59.64,276.03
141,2025-10-26 00:14:00,3270,8471.93,97.02,4,88.34,14,5.87,7.32,2.86,38.13,0,62.63,77.69,69.9,196.02
142,2025-11-11 00:14:00,1021,5395.82,82.41,4,79.54,6,5.37,8.74,2.55,60.58,0,50.35,63.85,90.06,299.85
143,2025-09-29 00:14:00,3643,3697.16,100.0,6,83.06,11,5.85,7.75,3.11,44.11,0,70.27,86.97,142.49,306.37
144,2025-10-25 00:14:00,2838,4032.23,85.66,5,88.48,14,5.44,8.92,2.64,40.64,0,27.31,69.03,123.2,193.51
145,2025-10-26 00:14:00,2084,4359.31,62.39,4,89.25,9,7.56,7.01,0.99,48.22,1,30.04,58.26,95.26,208.81
146,2025-11-03 00:14:00,3132,5848.33,87.53,4,83.53,12,3.1,7.63,2.61,40.87,0,17.33,73.91,109.25,309.55
147,2025-10-05 00:14:00,4770,6045.67,83.81,4,84.64,7,3.65,6.02,2.69,45.83,0,39.51,75.34,81.99,242.66
148,2025-10-04 00:14:00,2681,3852.6,92.9,4,77.41,9,3.45,7.93,3.63,53.44,0,52.43,76.61,104.19,139.01
149,2025-10-30 00:14:00,2748,4951.29,86.73,4,83.21,8,6.66,6.38,2.3,53.48,0,51.54,88.62,102.2,180.02
150,2025-10-27 00:14:00,2040,9284.54,78.62,8,89.45,6,6.8,5.77,4.68,41.02,0,52.24,72.64,129.06,237.53
151,2025-10-26 00:14:00,1650,8455.09,67.76,6,87.88,9,5.9,8.52,1.09,45.12,1,28.83,73.8,129.02,191.85
152,2025-10-28 00:14:00,3330,5872.65,77.91,4,87.5,2,7.37,8.43,4.31,60.74,0,62.05,63.97,114.82,229.33
153,2025-10-13 00:14:00,1643,5076.01,71.49,6,85.25,7,2.64,9.57,2.78,54.96,0,53.59,83.21,89.13,251.62
154,2025-10-26 00:14:00,2571,5240.06,74.19,4,85.04,8,8.33,7.14,3.86,70.75,0,61.0,76.84,122.25,323.11
155,2025-10-27 00:14:00,2022,6227.04,85.89,7,81.7,8,8.05,8.82,3.08,61.8,0,21.61,70.8,97.24,235.48
156,2025-10-13 00:14:00,2978,2954.41,96.7,5,88.49,8,6.47,9.1,4.14,61.44,0,54.67,55.95,67.54,303.63
157,2025-11-19 00:14:00,2833,4485.25,83.95,4,87.1,9,8.56,8.89,2.61,36.12,0,32.18,89.44,87.9,321.44
158,2025-10-30 00:14:00,3537,1662.83,68.04,5,87.46,12,1.69,6.35,1.9,57.64,0,44.04,62.72,102.54,321.72
159,2025-10-06 00:14:00,1989,5798.45,84.45,1,82.37,14,3.95,8.3,4.42,49.47,0,58.02,69.09,127.31,264.24
160,2025-11-01 00:14:00,2230,6294.39,91.97,2,74.23,6,3.53,8.73,2.89,44.49,0,51.37,78.58,94.49,151.84
161,2025-10-09 00:14:00,1521,4033.63,73.9,2,90.49,3,6.44,8.01,3.22,51.68,1,37.23,63.03,63.72,273.04
162,2025-11-03 00:14:00,2055,8147.97,78.66,5,82.61,4,2.9,3.83,4.23,59.45,0,50.09,60.06,101.7,302.42
163,2025-11-09 00:14:00,2877,2548.47,80.15,8,80.69,7,6.51,8.32,1.97,55.01,1,27.03,53.76,103.4,245.95
164,2025-10-11 00:14:00,3256,2071.25,72.15,9,88.47,8,7.74,12.43,3.6,41.22,1,67.25,82.21,105.58,337.23
165,2025-11-06 00:14:00,1577,5448.9,86.48,6,83.04,6,6.39,7.28,2.41,57.42,0,46.92,69.55,127.6,292.99
166,2025-10-29 00:14:00,3369,7094.2,78.79,6,90.3,3,5.57,6.54,2.87,43.62,0,66.78,100.0,130.57,278.41
167,2025-11-04 00:14:00,3855,8367.86,84.2,1,88.09,7,3.02,8.75,3.07,52.17,0,42.1,65.06,82.17,304.32
168,2025-11-20 00:14:00,2913,4082.23,71.13,3,88.42,10,3.31,8.62,1.5,46.97,0,42.15,65.79,81.52,266.67
169,2025-10-20 00:14:00,4376,7157.36,75.63,3,78.17,12,7.5,10.39,2.22,47.81,0,38.54,69.35,68.79,125.36
170,2025-10-12 00:14:00,1726,4922.98,87.22,3,91.06,7,6.56,5.48,4.35,57.66,1,63.14,77.43,120.96,225.04
171,2025-10-10 00:14:00,1255,4654.75,76.27,4,86.31,7,4.92,9.46,3.89,39.6,0,39.36,70.3,143.46,309.86
172,2025-10-11 00:14:00,721,6767.32,97.27,4,83.15,5,4.16,9.18,2.94,69.45,0,59.67,81.12,90.55,209.62
173,2025-10-22 00:14:00,3996,6304.65,76.0,1,85.72,9,0.95,7.72,3.24,31.79,0,44.26,65.21,92.76,238.83
174,2025-10-28 00:14:00,3154,1847.22,82.25,6,76.12,5,2.86,8.68,2.71,44.02,0,20.36,61.18,144.0,197.76
175,2025-10-27 00:14:00,2444,7953.08,89.33,2,87.04,12,8.82,10.06,4.36,53.7,0,41.45,57.02,115.17,339.2
176,2025-11-04 00:14:00,2779,7760.18,65.82,5,79.85,1,2.44,9.74,2.8,55.84,0,32.31,52.76,113.09,334.07
177,2025-10-23 00:14:00,1374,3748.87,62.39,9,78.24,8,5.38,5.71,3.23,49.0,0,50.51,69.82,64.27,205.81
178,2025-11-13 00:14:00,4945,5791.61,64.74,3,77.39,11,7.01,9.64,4.15,49.43,0,32.14,71.99,120.36,257.36
179,2025-10-20 00:14:00,2629,5988.06,92.63,0,90.56,10,2.49,7.87,2.22,54.11,1,63.89,68.69,72.13,215.98
180,2025-12-02 00:14:00,2609,5521.35,74.48,4,81.85,23,5.37,8.15,4.56,47.69,0,48.63,87.43,65.98,280.75
181,2025-11-01 00:14:00,3225,3899.39,100.0,7,92.67,11,6.88,8.15,1.47,63.93,0,47.34,87.28,89.6,275.48
182,2025-10-11 00:14:00,2981,3656.75,74.36,8,82.32,4,5.02,7.7,4.63,58.39,0,59.84,71.65,82.43,290.59
183,2025-10-07 00:14:00,2723,4948.89,81.85,2,76.46,9,10.74,10.38,2.63,58.73,1,64.46,57.06,93.35,266.6
184,2025-10-30 00:14:00,1709,7345.46,95.42,5,79.42,1,1.66,7.83,2.76,40.34,0,49.7,69.33,56.77,396.77
185,2025-10-20 00:14:00,2971,6087.2,100.0,4,91.18,9,7.12,5.76,1.11,49.21,0,38.43,69.0,128.76,198.6
186,2025-11-02 00:14:00,4382,4258.77,100.0,4,84.22,5,4.65,7.21,2.55,47.0,0,23.39,68.43,133.83,164.47
187,2025-10-30 00:14:00,3845,6543.4,92.08,10,82.26,14,6.54,8.36,1.96,39.94,0,39.71,68.02,41.58,230.35
188,2025-10-22 00:14:00,4093,100.0,90.24,1,85.8,7,5.88,10.46,2.39,53.6,0,40.74,68.47,129.35,171.6
189,2025-10-11 00:14:00,1988,7297.53,85.93,5,87.51,9,3.53,9.21,2.86,44.62,0,51.61,71.13,75.68,175.38
190,2025-10-01 00:14:00,1510,1520.57,87.78,5,90.59,6,5.46,6.3,3.96,56.55,0,44.82,68.64,125.71,199.93
191,2025-10-17 00:14:00,2374,4275.12,74.49,7,92.24,18,1.28,12.97,3.21,39.3,2,60.32,77.08,97.95,203.89
192,2025-11-04 00:14:00,2555,2760.66,71.82,5,83.2,8,6.21,8.53,3.31,67.19,0,40.81,78.6,100.86,202.27
193,2025-10-26 00:14:00,3594,2410.64,79.97,5,78.37,19,5.6,10.55,1.9,41.04,0,49.14,65.89,94.45,275.91
194,2025-10-05 00:14:00,807,7321.65,78.3,4,82.93,14,6.28,7.7,2.12,52.19,0,67.76,87.71,136.36,224.69
195,2025-10-25 00:14:00,4029,4064.6,75.47,5,86.3,12,7.12,9.07,4.8,57.92,0,55.13,65.2,62.81,241.02
196,2025-10-28 00:14:00,2341,5693.01,86.96,4,80.18,11,5.74,9.68,2.26,44.29,0,49.1,58.82,118.24,294.71
197,2025-10-10 00:14:00,2073,4906.16,89.55,6,80.21,11,5.3,10.44,4.66,58.52,0,40.97,78.81,133.04,211.68
198,2025-10-25 00:14:00,1487,5954.08,80.88,4,86.72,0,3.24,10.11,2.76,37.71,0,40.5,66.83,121.49,236.77
199,2025-10-23 00:14:00,845,5153.64,94.78,5,84.76,8,3.58,9.74,3.0,64.52,0,37.24,78.21,169.74,268.29
200,2025-10-06 00:14:00,3323,2434.02,68.58,4,85.16,14,7.37,7.37,4.07,50.14,1,41.88,50.96,84.13,152.92
201,2025-10-28 00:14:00,2573,6992.53,78.06,7,81.21,9,7.87,6.86,4.27,44.04,0,61.33,88.92,128.72,130.75
202,2025-10-31 00:14:00,1210,4012.49,72.83,4,83.85,2,4.52,8.67,2.89,47.01,0,46.67,81.72,96.82,267.31
203,2025-11-08 00:14:00,1204,1886.84,61.33,1,80.38,9,5.09,9.87,2.61,58.09,0,29.75,60.0,137.0,274.6
204,2025-11-07 00:14:00,2164,4143.77,79.17,7,89.45,18,3.19,7.55,2.94,44.16,1,76.52,60.21,99.77,353.21
205,2025-10-03 00:14:00,4169,8001.52,78.78,3,90.18,16,7.35,10.13,3.34,42.51,0,54.8,91.72,88.36,257.9
206,2025-10-09 00:14:00,2240,6700.44,95.13,3,75.77,9,6.33,10.91,3.89,47.78,0,28.9,67.63,139.18,290.99
207,2025-10-30 00:14:00,996,4302.7,86.31,3,80.35,14,8.88,6.17,3.0,38.23,0,43.37,66.66,85.25,240.23
208,2025-10-30 00:14:00,2254,4301.48,69.76,7,77.52,8,3.24,6.33,3.62,68.21,0,51.66,52.34,57.62,264.86
209,2025-10-30 00:14:00,2227,4356.73,98.54,0,81.75,1,4.24,7.72,4.64,44.34,0,75.57,71.49,84.49,333.36
210,2025-12-19 00:14:00,1,9153.5,92.21,11,84.58,5,5.46,8.62,3.38,58.32,0,33.38,72.72,118.57,143.8
211,2025-10-31 00:14:00,2445,5763.87,85.82,7,77.75,17,6.29,6.95,3.31,52.09,1,64.64,82.15,141.76,270.68
212,2025-11-09 00:14:00,2269,5860.08,77.74,5,80.39,8,4.57,10.7,1.48,40.15,0,70.99,61.01,103.33,356.78
213,2025-11-06 00:14:00,3196,7060.57,70.41,4,79.98,8,3.25,8.85,0.37,49.94,0,40.57,59.8,139.55,264.1
214,2025-11-01 00:14:00,4348,5477.58,76.28,5,86.04,8,6.76,8.08,3.39,57.84,0,45.84,79.51,59.25,332.53
215,2025-10-19 00:14:00,3626,4481.92,90.89,6,85.35,19,6.44,5.13,2.91,48.12,0,34.46,85.07,86.7,218.54
216,2025-11-03 00:14:00,2231,4607.3,98.85,6,81.39,18,3.17,5.37,2.49,61.93,0,46.95,59.29,91.34,248.4
217,2025-10-12 00:14:00,1393,4856.8,95.43,6,85.88,21,7.71,8.56,3.24,60.22,0,49.45,85.82,96.56,251.68
218,2025-10-20 00:14:00,5000,4925.56,75.11,5,82.27,9,7.34,3.73,2.94,59.19,1,59.89,75.38,102.52,139.12
219,2025-10-16 00:14:00,2559,6455.26,68.8,4,83.64,11,5.27,10.03,4.13,45.4,0,66.35,85.92,120.73,191.59
220,2025-10-24 00:14:00,2513,5103.89,81.41,4,93.37,2,5.16,7.68,3.09,39.2,0,38.78,74.3,86.66,195.16
221,2025-11-26 00:14:00,2475,6465.28,62.32,4,91.7,17,6.11,14.49,2.25,43.86,0,20.49,50.0,104.17,291.1
222,2025-09-25 00:14:00,2698,4838.57,83.23,7,78.5,4,3.28,12.62,3.99,51.96,1,49.68,73.48,98.65,293.61
223,2025-11-02 00:14:00,2355,5157.27,78.52,6,89.15,11,5.06,7.64,2.78,55.46,0,54.4,85.6,72.22,266.2
224,2025-09-29 00:14:00,1926,1003.6,75.34,0,89.06,4,0.7,7.79,3.53,28.28,0,53.74,66.06,96.59,291.21
225,2025-10-16 00:14:00,1953,6832.66,64.05,6,79.26,7,6.75,9.99,2.52,49.92,1,45.1,71.12,95.69,241.79
226,2025-11-08 00:14:00,2467,5692.98,85.14,5,89.09,5,1.88,11.41,2.35,51.58,0,51.87,73.24,95.05,310.1
227,2025-10-23 00:14:00,1956,6996.02,74.67,4,92.69,6,8.01,4.72,3.08,47.22,0,72.73,50.0,100.95,250.44
228,2025-10-07 00:14:00,1787,100.0,68.3,4,79.39,7,4.34,4.43,3.01,62.91,0,55.73,91.71,102.27,252.89
229,2025-10-13 00:14:00,2606,9176.75,51.28,7,80.41,7,4.58,6.76,3.48,54.22,1,44.4,65.99,87.03,236.72
230,2025-11-02 00:14:00,2245,4720.82,79.72,6,90.09,14,3.74,9.17,2.73,63.1,1,42.5,80.06,138.18,284.22
231,2025-10-13 00:14:00,4003,7216.37,97.72,3,86.36,4,4.42,8.99,1.16,47.84,0,47.45,74.13,64.92,228.94
232,2025-10-26 00:14:00,1,2920.19,96.61,5,87.76,11,7.84,10.14,2.57,59.37,1,74.55,87.58,78.37,298.82
233,2025-10-23 00:14:00,3591,6225.55,75.43,3,86.7,16,0.02,5.6,3.79,66.35,0,47.25,79.06,183.4,193.39
234,2025-10-14 00:14:00,3746,2893.17,73.98,2,86.95,7,7.55,3.37,2.7,63.12,0,49.7,72.65,68.86,195.05
235,2025-11-24 00:14:00,426,3752.46,84.69,3,78.37,6,5.68,9.72,2.75,39.08,0,42.77,66.06,59.39,284.37
236,2025-11-01 00:14:00,2157,8828.06,70.02,6,90.24,8,2.59,6.34,3.99,47.46,0,66.48,82.98,122.03,245.57
237,2025-09-23 00:14:00,2128,4618.64,83.02,6,90.85,15,2.85,3.96,2.29,46.55,0,79.4,56.27,37.69,227.31
238,2025-10-25 00:14:00,1092,5434.87,87.66,6,83.85,10,8.35,8.29,1.46,54.89,0,56.76,81.46,92.94,294.5
239,2025-10-14 00:14:00,1722,6740.14,92.27,6,84.78,7,3.11,9.59,2.84,56.86,1,51.24,64.01,164.37,219.64
240,2025-11-04 00:14:00,1389,5991.36,79.0,6,77.34,12,2.69,7.76,2.52,41.61,0,50.55,87.52,53.65,239.99
241,2025-10-12 00:14:00,4252,5300.84,77.96,3,87.57,4,7.27,7.08,2.03,50.68,0,14.24,76.61,40.54,319.96
242,2025-10-22 00:14:00,3435,5729.92,71.22,5,87.86,13,5.68,7.68,2.82,29.8,1,61.18,81.44,55.02,326.96
243,2025-10-30 00:14:00,3771,9806.83,71.73,6,84.69,12,3.12,7.26,3.49,64.42,0,52.01,75.82,126.95,328.62
244,2025-11-04 00:14:00,3221,4884.76,77.74,6,90.62,8,5.43,5.3,2.99,44.88,0,56.43,57.48,133.74,235.89
245,2025-10-05 00:14:00,1370,5402.2,83.67,7,83.33,5,2.95,6.57,3.31,50.56,0,39.33,66.39,84.62,311.54
246,2025-10-18 00:14:00,1975,7101.31,89.14,6,87.82,5,7.2,9.04,4.81,46.9,0,44.23,81.72,120.5,202.55
247,2025-10-16 00:14:00,2989,7211.05,71.97,5,79.9,12,7.12,8.64,2.66,61.46,0,43.83,76.67,141.71,204.65
248,2025-10-14 00:14:00,1277,7374.06,94.93,7,84.88,16,6.06,8.34,3.28,21.62,0,65.32,86.81,153.62,132.48
249,2025-11-18 00:14:00,3212,6277.46,77.29,4,84.13,6,5.72,6.01,2.49,49.83,0,44.32,79.03,92.61,333.64
250,2025-10-29 00:14:00,2259,2713.99,79.79,3,86.13,12,8.52,7.64,2.15,48.94,0,81.24,65.33,30.96,206.8
251,2025-10-05 00:14:00,2125,8266.86,72.53,4,83.15,0,5.0,3.65,2.42,45.46,0,56.46,67.04,75.37,243.67
252,2025-11-05 00:14:00,3210,2707.31,55.76,3,84.34,7,2.64,8.36,2.52,67.26,0,30.86,76.03,87.2,204.48
253,2025-11-23 00:14:00,2944,5605.27,88.84,3,89.13,9,5.9,10.86,3.36,41.13,0,48.07,51.86,92.23,284.76
254,2025-11-07 00:14:00,2139,3491.45,87.37,4,82.82,5,9.17,5.05,5.35,57.72,0,40.22,91.73,94.36,231.22
255,2025-10-01 00:14:00,3659,4871.72,77.19,3,76.97,5,2.97,6.83,2.28,53.56,1,17.08,79.42,133.57,184.76
256,2025-10-16 00:14:00,1418,5657.52,80.67,4,93.75,6,4.28,8.66,2.58,62.62,0,73.99,87.27,138.23,272.08
257,2025-11-11 00:14:00,3115,5642.71,85.16,1,91.91,11,5.83,10.51,2.94,43.33,0,60.55,59.19,94.85,178.31
258,2025-10-13 00:14:00,3093,5843.84,64.37,5,78.54,9,4.89,7.1,3.4,42.67,0,58.0,87.45,132.95,208.13
259,2025-10-29 00:14:00,2190,8227.42,74.71,5,88.45,0,3.04,6.62,3.26,60.96,0,52.48,97.31,110.73,144.66
260,2025-11-03 00:14:00,2826,5907.07,87.94,3,82.49,0,7.24,4.06,4.28,54.25,0,29.27,61.79,101.94,178.8
261,2025-10-10 00:14:00,1248,4511.69,67.46,6,86.32,6,9.64,8.21,0.57,34.55,1,42.75,82.71,127.2,258.93
262,2025-10-23 00:14:00,3424,6928.17,82.94,6,86.47,12,5.39,12.08,0.61,44.61,0,62.63,75.01,102.17,151.77
263,2025-09-05 00:14:00,2315,7378.94,66.43,1,83.83,0,3.19,8.55,2.5,53.86,0,34.23,59.56,161.73,175.94
264,2025-10-08 00:14:00,1977,2544.78,84.66,3,81.08,7,1.9,7.96,4.1,58.38,0,12.02,79.93,56.85,249.88
265,2025-10-20 00:14:00,3549,6194.8,79.64,3,81.55,7,5.52,8.64,1.43,43.21,0,46.59,83.34,84.54,222.82
266,2025-10-05 00:14:00,1795,6402.35,63.85,3,80.42,16,7.21,7.98,0.0,20.86,0,47.87,68.99,96.2,349.6
267,2025-11-16 00:14:00,1091,4404.87,91.65,6,80.84,8,5.95,6.37,3.57,55.23,0,52.03,86.66,113.18,341.69
268,2025-10-02 00:14:00,943,7751.41,72.65,4,84.66,11,5.0,9.65,3.24,37.8,0,60.93,58.33,138.04,206.6
269,2025-10-17 00:14:00,3106,4699.89,71.9,4,81.42,10,3.82,8.45,1.91,29.83,0,59.56,60.05,99.27,277.86
270,2025-10-24 00:14:00,1219,5251.15,82.01,0,88.41,0,2.82,8.04,2.01,21.68,0,53.88,76.37,57.33,287.46
271,2025-11-13 00:14:00,4254,4653.86,91.49,6,92.44,13,6.67,6.05,2.03,58.14,1,67.93,75.25,125.28,220.13
272,2025-10-02 00:14:00,418,5031.16,69.84,2,82.1,11,6.83,10.61,3.11,51.29,0,27.22,67.83,122.65,175.22
273,2025-11-09 00:14:00,4196,2807.45,80.62,5,86.2,12,1.91,9.33,2.37,47.74,1,57.57,83.1,41.74,249.39
274,2025-10-23 00:14:00,2711,2119.9,84.29,5,87.5,29,8.18,6.89,3.49,63.89,0,59.4,80.31,99.89,241.36
275,2025-10-09 00:14:00,2403,8189.01,86.93,7,87.36,0,6.15,10.0,0.15,56.37,0,31.41,83.58,52.3,228.21
276,2025-10-29 00:14:00,1955,3306.08,81.76,2,85.38,18,7.8,7.0,2.14,66.16,0,27.46,73.77,80.06,272.12
277,2025-10-25 00:14:00,2899,3017.22,76.33,0,88.71,8,2.32,6.44,1.87,36.07,0,38.81,81.03,72.92,212.46
278,2025-10-14 00:14:00,2462,693.22,71.72,5,87.41,11,2.27,6.48,2.74,49.65,0,40.08,70.54,124.28,192.4
279,2025-10-24 00:14:00,3603,3722.08,80.86,8,78.81,9,4.7,4.46,2.46,33.83,1,61.3,95.54,103.5,255.45
280,2025-10-18 00:14:00,2614,2353.82,69.28,7,89.35,7,6.01,8.94,3.8,47.71,0,40.78,66.87,61.43,269.3
281,2025-10-24 00:14:00,2650,8284.03,50.79,5,89.44,7,8.59,4.34,1.14,47.51,0,37.15,96.05,126.4,191.17
282,2025-11-01 00:14:00,2136,7019.63,84.37,4,81.18,11,6.41,5.54,3.05,56.27,0,40.83,75.35,56.99,296.4
283,2025-11-15 00:14:00,2443,3623.7,89.04,6,85.19,2,4.51,3.85,3.56,50.46,0,66.78,61.24,109.9,161.48
284,2025-10-05 00:14:00,2807,9504.87,56.37,3,88.42,13,2.95,7.83,4.86,56.23,0,50.2,88.68,75.58,221.09
285,2025-11-23 00:14:00,789,6963.53,69.9,5,83.95,7,7.46,7.7,2.52,57.03,0,47.31,76.26,89.03,237.1
286,2025-09-24 00:14:00,1151,4350.34,86.19,6,90.36,4,3.07,7.35,3.32,71.55,0,48.35,83.51,115.13,218.19
287,2025-10-21 00:14:00,3243,100.0,100.0,7,96.82,7,8.26,5.91,1.2,46.85,1,69.38,87.24,115.64,221.75
288,2025-10-31 00:14:00,2670,9581.89,80.21,10,81.07,16,4.43,5.66,0.61,40.59,0,38.76,78.38,140.11,343.55
289,2025-10-27 00:14:00,2316,2220.86,72.72,5,78.09,7,8.18,8.93,3.84,52.46,0,69.73,69.08,97.53,207.46
290,2025-10-14 00:14:00,2518,1709.2,78.17,3,86.52,11,6.36,6.9,2.99,41.98,0,53.16,84.76,109.19,372.06
291,2025-10-20 00:14:00,2847,7045.14,93.75,4,88.61,6,4.73,8.63,4.18,64.82,0,47.59,75.01,86.87,271.86
292,2025-10-16 00:14:00,1960,9879.5,73.54,1,83.85,13,3.96,6.23,1.63,47.17,0,87.51,81.86,105.46,254.6
293,2025-10-15 00:14:00,1721,7768.55,72.01,3,92.27,13,4.32,8.36,3.52,44.34,0,34.17,53.46,113.18,273.81
294,2025-11-04 00:14:00,2695,6127.82,75.17,4,78.31,19,5.86,10.61,4.87,45.29,1,44.69,79.47,97.05,376.5
295,2025-10-28 00:14:00,1521,6189.51,70.47,3,88.46,9,5.15,9.17,3.42,57.18,0,31.51,68.61,45.89,200.32
296,2025-10-13 00:14:00,2908,6706.83,81.23,5,81.97,13,3.81,7.18,3.28,48.42,0,64.29,91.53,109.94,193.98
297,2025-11-05 00:14:00,797,6517.86,96.25,3,93.6,10,4.67,8.51,3.01,43.58,0,75.34,81.23,110.94,212.26
298,2025-10-27 00:14:00,3529,5562.38,83.23,7,94.96,16,5.16,7.52,1.43,66.65,0,75.05,77.4,79.59,251.61
299,2025-11-04 00:14:00,2972,5208.4,77.48,5,81.17,6,0.74,8.02,4.36,41.44,0,68.36,79.86,61.47,163.71
300,2025-11-01 00:14:00,2756,4874.81,77.08,4,82.25,13,5.92,7.35,2.39,50.36,0,47.04,65.02,144.28,251.12
301,2025-10-11 00:14:00,3482,3492.07,64.37,4,89.3,9,3.04,7.67,3.5,56.52,0,44.52,91.23,114.74,334.68
302,2025-10-15 00:14:00,4165,4438.65,88.83,5,83.06,9,2.69,8.42,1.44,33.69,0,24.93,94.91,93.13,257.57
303,2025-11-03 00:14:00,3514,1614.09,79.22,6,84.77,10,1.63,6.01,1.82,54.8,0,80.54,78.93,65.89,235.37
304,2025-11-01 00:14:00,659,4803.32,78.2,3,85.13,11,1.41,5.97,4.44,39.45,0,57.03,90.9,75.35,219.09
305,2025-10-23 00:14:00,1220,3022.82,100.0,3,75.4,9,2.29,5.22,2.65,58.23,1,42.62,69.31,139.08,294.93
306,2025-10-24 00:14:00,1875,2792.82,82.99,4,84.93,11,3.58,4.8,4.45,40.37,0,69.92,67.03,104.13,208.71
307,2025-11-11 00:14:00,2526,5359.79,72.48,2,81.55,17,8.91,5.57,2.92,56.93,0,35.41,75.41,83.48,342.32
308,2025-10-15 00:14:00,3017,7784.0,75.74,3,82.53,14,3.95,8.32,1.16,61.06,0,56.1,79.35,115.29,346.67
309,2025-10-31 00:14:00,1774,6836.63,91.48,4,92.22,14,5.36,6.21,3.89,58.61,0,47.41,71.06,75.57,262.84
310,2025-10-20 00:14:00,2686,1859.0,81.13,6,78.72,7,5.8,9.03,2.41,52.51,1,59.58,80.38,145.03,249.42
311,2025-10-20 00:14:00,1744,3020.74,65.62,5,89.07,5,5.26,8.07,3.7,47.69,0,49.05,78.06,140.58,301.53
312,2025-11-08 00:14:00,1888,6881.54,89.19,5,83.61,14,4.85,4.06,3.03,44.24,0,28.24,65.02,86.0,304.74
313,2025-11-04 00:14:00,1093,3035.03,73.32,6,83.6,14,2.61,9.31,1.46,64.71,0,51.13,80.19,81.14,209.7
314,2025-11-04 00:14:00,1576,4550.73,98.73,4,88.95,17,7.9,9.62,3.16,43.01,0,65.73,83.64,21.46,223.67
315,2025-11-11 00:14:00,1148,6100.1,90.8,5,86.7,6,8.61,6.01,5.2,39.63,0,49.56,76.71,55.55,183.88
316,2025-10-23 00:14:00,1524,3063.31,75.53,4,87.85,8,1.63,8.84,3.49,56.65,0,61.63,86.53,59.82,270.45
317,2025-11-02 00:14:00,3553,5210.75,92.81,5,89.84,1,2.95,6.29,2.94,42.04,0,34.32,62.83,104.06,283.33
318,2025-10-19 00:14:00,1550,2331.95,80.68,3,83.34,8,4.44,8.2,4.08,40.5,0,49.61,79.68,90.21,182.5
319,2025-10-27 00:14:00,5000,3797.26,88.53,0,81.94,14,3.07,5.47,3.21,35.56,0,40.63,63.3,59.64,227.24
320,2025-10-22 00:14:00,2993,5639.56,84.85,4,79.57,7,6.01,4.41,3.21,45.17,0,61.2,63.86,91.57,182.64
321,2025-10-24 00:14:00,2684,1814.01,71.54,7,80.87,13,3.54,7.23,1.91,49.17,0,50.47,68.69,115.16,205.06
322,2025-10-31 00:14:00,1641,5880.95,73.56,6,99.75,9,9.33,7.75,3.23,52.43,0,60.35,65.58,115.84,277.55
323,2025-10-11 00:14:00,3200,4960.72,90.3,6,91.22,11,7.38,7.2,4.04,59.51,0,66.32,69.52,43.01,213.33
324,2025-11-23 00:14:00,1924,6104.98,76.65,7,78.24,4,5.43,5.63,2.16,55.27,0,60.37,72.86,96.15,234.96
325,2025-10-08 00:14:00,2622,5447.83,75.96,5,78.39,10,7.05,7.2,4.42,48.09,0,54.1,83.37,58.5,168.63
326,2025-10-05 00:14:00,5000,7728.28,70.45,5,87.41,0,7.21,8.54,2.91,48.02,0,35.03,71.79,127.05,259.35
327,2025-11-09 00:14:00,2403,5250.45,84.24,3,87.74,9,3.87,7.91,2.11,55.1,0,49.96,59.14,123.52,247.79
328,2025-11-03 00:14:00,3649,4141.19,100.0,4,87.74,1,3.37,8.37,4.0,62.73,0,42.0,86.4,73.06,213.55
329,2025-11-01 00:14:00,1796,5244.6,69.32,6,83.73,16,5.16,6.66,2.71,51.26,0,44.84,66.63,77.02,240.55
330,2025-11-01 00:14:00,2465,6086.6,80.24,7,84.37,13,6.72,10.34,3.76,45.31,0,44.38,74.41,86.16,259.01
331,2025-10-23 00:14:00,4270,5097.72,94.12,4,86.64,12,5.28,5.65,2.71,40.07,0,35.3,79.47,32.42,209.26
332,2025-10-10 00:14:00,1873,5081.18,79.2,4,85.43,17,1.85,8.98,2.94,35.55,0,20.64,77.0,110.08,176.19
333,2025-10-24 00:14:00,4312,3596.02,84.52,5,73.9,5,3.39,10.36,3.49,56.66,0,39.98,85.94,91.81,340.28
334,2025-10-13 00:14:00,3207,3674.2,69.38,6,83.85,18,4.85,8.96,3.29,55.78,0,52.9,79.79,129.11,218.34
335,2025-11-06 00:14:00,1937,2194.79,84.28,2,80.74,14,4.85,7.59,1.0,55.77,0,29.78,66.39,67.05,245.16
336,2025-10-21 00:14:00,3132,8499.15,78.13,0,85.88,8,8.95,6.94,1.88,48.71,1,50.24,96.79,81.43,300.54
337,2025-10-11 00:14:00,3472,2512.27,89.86,3,99.93,15,2.23,10.07,3.93,64.07,0,78.5,76.94,54.8,426.45
338,2025-10-19 00:14:00,3121,3614.19,91.87,2,86.84,4,6.01,5.15,2.87,45.16,0,65.35,73.53,69.87,187.78
339,2025-10-29 00:14:00,929,3563.19,100.0,3,83.43,5,7.98,6.06,2.48,59.55,0,74.65,84.64,64.54,272.49
340,2025-10-15 00:14:00,1772,6789.85,85.8,4,89.61,6,9.54,7.2,1.64,49.61,0,55.87,77.49,129.88,214.62
341,2025-10-11 00:14:00,2252,4410.1,83.26,4,87.41,7,4.19,10.48,1.92,43.92,0,67.51,78.99,79.05,223.06
342,2025-10-26 00:14:00,2425,7495.48,81.94,7,87.1,4,5.98,8.76,0.98,55.93,0,39.14,99.92,103.73,213.99
343,2025-10-26 00:14:00,3120,3653.02,76.47,5,88.03,16,6.14,6.06,2.9,54.1,0,40.33,72.25,88.58,193.72
344,2025-10-16 00:14:00,2677,5557.99,83.38,5,95.28,8,5.39,7.38,2.4,53.57,1,8.91,71.82,61.92,247.94
345,2025-10-16 00:14:00,1164,3329.31,77.05,6,79.35,11,4.8,6.77,2.03,50.81,0,67.79,76.17,94.95,176.27
346,2025-10-26 00:14:00,2880,9290.3,81.68,2,87.37,7,5.87,6.58,2.93,49.62,0,73.1,85.72,117.97,297.34
347,2025-10-02 00:14:00,3110,2624.8,93.18,7,80.37,0,0.0,9.96,3.36,73.88,0,41.7,59.93,63.77,252.75
348,2025-10-02 00:14:00,3059,5619.64,69.93,4,87.78,11,6.36,5.26,5.09,61.84,0,46.19,55.34,124.27,271.12
349,2025-10-13 00:14:00,3580,6267.55,91.4,6,80.41,0,5.25,11.22,1.49,57.23,0,38.69,69.13,74.51,226.69
350,2025-10-20 00:14:00,3333,5827.6,93.17,2,82.91,9,4.56,9.66,4.16,51.12,0,55.74,58.66,85.51,231.64
351,2025-10-27 00:14:00,2959,4629.42,78.82,1,83.52,3,9.09,10.18,3.97,60.07,1,66.87,70.75,115.92,264.38
352,2025-11-14 00:14:00,2429,4740.36,58.78,6,89.88,19,3.65,7.07,2.22,55.18,0,23.86,80.02,80.1,191.8
353,2025-11-04 00:14:00,839,5087.62,73.92,5,89.59,14,4.19,7.7,3.2,50.26,0,56.14,66.09,101.13,232.1
354,2025-10-21 00:14:00,2929,4706.0,92.97,3,78.77,10,8.98,5.13,2.54,46.96,0,45.85,60.73,90.56,207.02
355,2025-10-23 00:14:00,2707,6927.76,79.77,3,85.27,16,3.34,6.95,3.19,49.19,0,51.7,75.69,103.88,205.47
356,2025-10-08 00:14:00,2771,9421.05,70.01,7,81.45,5,3.9,8.99,4.51,18.3,0,56.88,83.63,28.58,144.51
357,2025-10-23 00:14:00,1223,3885.02,74.95,2,78.71,12,4.71,10.59,3.61,52.11,0,47.18,58.05,45.11,316.97
358,2025-10-19 00:14:00,1418,2260.39,88.41,8,83.91,10,6.68,5.79,3.51,45.12,0,48.45,83.2,118.48,215.67
359,2025-10-27 00:14:00,3553,4823.44,85.47,3,83.46,11,5.42,7.27,2.57,65.93,0,46.79,83.17,131.12,308.17
360,2025-10-11 00:14:00,2460,10000.0,77.61,6,97.13,16,2.41,7.7,1.52,50.19,0,64.55,84.54,72.69,303.44
361,2025-10-30 00:14:00,3181,3392.65,76.33,4,87.16,13,3.94,5.21,2.79,38.11,0,56.28,87.18,92.68,185.7
362,2025-11-14 00:14:00,2528,8278.23,76.08,6,78.11,11,3.79,9.18,4.21,49.5,0,53.31,97.02,108.84,195.58
363,2025-10-22 00:14:00,2529,8355.4,70.78,3,82.18,1,4.85,6.55,1.47,39.54,0,30.94,71.44,120.8,378.03
364,2025-10-29 00:14:00,3438,3892.82,96.15,4,90.11,5,5.85,7.61,1.94,54.73,0,44.32,76.1,39.17,337.55
365,2025-11-02 00:14:00,1983,6137.97,76.78,5,95.44,9,5.84,7.1,3.13,52.91,0,63.48,70.84,73.42,248.42
366,2025-10-17 00:14:00,2596,8256.79,92.17,2,77.07,10,1.45,6.42,2.02,59.58,0,50.57,75.02,90.02,262.87
367,2025-10-26 00:14:00,2037,4241.74,95.21,6,75.6,4,7.13,7.99,2.21,42.09,0,59.89,90.33,121.09,218.46
368,2025-10-23 00:14:00,2065,4592.84,89.98,3,94.35,22,5.51,7.57,2.58,50.34,0,76.5,61.55,174.95,271.62
369,2025-10-24 00:14:00,2190,3836.64,75.68,4,86.95,17,7.77,7.26,1.63,36.35,1,65.58,66.39,93.16,214.14
370,2025-10-12 00:14:00,2722,2970.49,84.04,3,80.66,13,5.89,6.54,2.03,57.01,0,51.4,88.77,57.79,148.38
371,2025-10-23 00:14:00,2021,3701.44,79.76,0,87.67,10,7.2,8.64,3.7,55.19,0,42.34,85.2,112.07,183.92
372,2025-10-30 00:14:00,3755,2552.12,70.96,4,71.82,8,5.93,11.31,1.69,54.96,0,11.7,71.37,139.63,251.05
373,2025-11-13 00:14:00,1605,5068.17,83.24,9,85.02,5,7.69,8.28,1.4,50.02,0,47.47,83.54,103.24,193.45
374,2025-11-06 00:14:00,2313,3460.05,68.21,6,86.64,10,6.04,9.99,2.37,54.15,0,45.11,78.41,72.8,246.64
375,2025-11-24 00:14:00,2060,5467.57,91.88,4,89.62,11,4.8,5.22,3.73,66.04,0,55.86,90.0,128.74,196.27
376,2025-10-12 00:14:00,3946,1888.21,75.35,4,79.93,3,9.54,8.32,2.8,47.15,0,47.69,75.75,119.91,210.88
377,2025-11-05 00:14:00,2696,5661.76,82.01,5,85.43,11,6.78,5.81,2.54,51.39,0,45.19,85.26,69.22,292.66
378,2025-10-25 00:14:00,3531,6667.06,82.83,6,80.37,9,6.15,5.05,3.04,39.14,1,23.31,100.0,111.44,262.37
379,2025-11-24 00:14:00,1014,1012.53,77.41,2,86.28,0,2.45,6.52,1.25,41.32,0,35.9,80.98,129.92,249.52
380,2025-10-11 00:14:00,2767,5748.11,85.87,7,80.52,5,2.42,10.38,3.49,50.98,0,57.15,75.49,135.46,293.95
381,2025-10-11 00:14:00,3389,7455.34,75.25,6,82.96,7,5.59,9.9,3.38,61.04,0,75.74,82.22,98.01,274.03
382,2025-10-15 00:14:00,2582,2580.72,88.71,6,80.02,19,5.29,8.49,2.59,47.44,0,48.54,71.35,89.26,322.33
383,2025-09-22 00:14:00,3565,8345.14,66.54,5,88.26,12,3.77,4.93,4.01,47.64,1,54.92,98.88,136.82,227.01
384,2025-10-16 00:14:00,1982,5838.04,81.26,5,89.29,3,5.28,7.61,1.87,45.93,0,64.29,76.8,63.7,228.52
385,2025-10-12 00:14:00,3909,3589.98,99.39,6,83.83,12,8.18,8.6,4.13,44.65,0,37.84,72.27,113.16,184.94
386,2025-10-25 00:14:00,4798,4888.46,70.0,6,85.19,2,6.39,8.35,3.15,52.95,0,55.5,66.64,58.9,228.55
387,2025-10-28 00:14:00,2137,6116.65,73.22,4,77.76,15,2.72,4.31,2.66,35.03,0,38.89,85.97,131.96,298.24
388,2025-11-20 00:14:00,2054,5152.01,85.14,3,83.5,7,4.78,6.22,2.98,62.81,0,62.97,83.67,92.26,315.0
389,2025-11-06 00:14:00,3953,6077.51,81.8,5,84.75,9,3.39,7.87,2.89,43.35,0,52.27,70.03,138.06,298.02
390,2025-10-15 00:14:00,4079,3158.65,83.51,8,98.1,16,4.22,9.07,4.22,57.22,1,54.48,80.76,114.74,160.29
391,2025-10-10 00:14:00,1977,5338.72,84.89,2,79.44,3,4.17,3.61,1.92,37.3,0,38.26,59.91,63.3,304.16
392,2025-10-30 00:14:00,2079,2172.57,86.35,2,92.32,3,4.04,7.68,2.24,56.69,0,60.61,76.85,142.74,158.07
393,2025-10-04 00:14:00,2218,4777.55,91.1,5,89.98,7,2.49,8.29,4.04,56.72,0,81.27,79.53,146.54,294.91
394,2025-11-19 00:14:00,1155,3192.18,84.1,5,86.4,15,4.74,9.7,2.4,53.84,0,34.88,92.07,126.47,231.61
395,2025-11-09 00:14:00,1581,3528.94,77.59,5,93.79,2,3.88,9.39,3.9,40.06,0,44.9,67.29,77.15,285.13
396,2025-10-16 00:14:00,1495,7472.19,86.73,5,86.86,0,0.0,9.17,4.7,52.5,0,53.47,62.22,90.82,183.38
397,2025-09-28 00:14:00,1732,7182.62,99.0,4,86.95,7,9.11,6.4,2.6,38.17,0,61.8,66.05,104.36,308.56
398,2025-11-12 00:14:00,2465,6218.28,78.67,7,84.73,12,7.18,4.18,3.68,47.47,1,41.61,61.63,78.89,176.75
399,2025-10-22 00:14:00,2734,2815.37,70.25,1,91.12,16,4.25,7.21,1.85,60.29,0,7.5,88.37,150.77,216.58
400,2025-11-10 00:14:00,4050,4367.18,91.07,3,90.48,7,5.04,10.0,3.75,57.97,1,70.39,90.49,104.33,200.1
401,2025-09-30 00:14:00,1501,7426.2,78.8,4,81.87,7,2.66,10.79,3.2,50.15,0,61.41,78.2,18.9,162.29
402,2025-10-15 00:14:00,3484,5283.43,58.27,1,78.4,15,8.39,9.42,3.47,40.25,0,23.86,87.21,110.18,254.73
403,2025-10-23 00:14:00,2286,9638.66,88.47,4,83.99,0,8.79,8.86,2.35,56.46,0,40.89,76.34,89.56,340.3
404,2025-10-23 00:14:00,2450,5786.64,74.65,8,81.0,8,5.31,8.76,1.34,50.19,0,73.52,74.05,97.75,383.35
405,2025-10-17 00:14:00,3174,5384.1,79.09,5,84.68,10,7.05,6.89,3.5,26.8,0,71.72,71.67,88.94,254.86
406,2025-11-01 00:14:00,1377,4381.77,83.32,5,91.19,12,5.35,7.74,0.94,57.83,0,64.08,71.9,124.21,305.83
407,2025-10-07 00:14:00,2882,5267.08,81.9,2,82.71,7,2.33,11.34,2.68,49.76,0,47.36,59.52,133.59,261.6
408,2025-10-21 00:14:00,2666,4695.06,87.09,3,84.79,10,4.18,6.11,3.94,62.02,0,51.24,77.64,108.49,274.94
409,2025-10-24 00:14:00,2992,6416.22,75.65,4,85.29,0,5.26,11.23,3.19,39.05,0,48.04,74.6,89.82,232.89
410,2025-10-30 00:14:00,2789,6913.4,85.13,4,89.24,6,4.09,7.36,4.95,18.23,0,66.92,82.45,98.76,259.75
411,2025-11-02 00:14:00,4955,3428.02,77.4,7,73.77,12,4.56,10.65,4.03,52.79,0,36.86,75.94,100.59,276.87
412,2025-10-07 00:14:00,1862,2337.53,87.39,6,81.97,5,4.82,5.19,2.35,52.92,0,37.91,73.37,75.93,221.08
413,2025-09-30 00:14:00,1969,1327.59,86.15,2,86.06,10,4.84,9.17,3.03,33.09,0,65.15,66.29,117.37,246.13
414,2025-11-11 00:14:00,1876,6015.98,70.65,5,91.0,12,5.1,6.53,2.95,40.22,1,49.33,75.72,113.8,247.08
415,2025-10-27 00:14:00,1944,2793.27,90.86,5,82.54,8,2.88,5.17,1.42,77.55,0,70.68,82.38,146.21,291.32
416,2025-10-12 00:14:00,1862,694.22,74.64,7,75.62,10,3.57,8.44,2.06,46.94,0,39.93,63.57,137.66,196.7
417,2025-11-15 00:14:00,3689,5777.16,88.08,8,88.1,5,2.43,10.02,2.44,57.31,0,49.18,75.87,79.43,247.42
418,2025-10-24 00:14:00,3920,9986.0,83.67,2,81.82,8,6.96,6.31,0.96,43.49,1,36.16,77.33,124.61,345.6
419,2025-11-09 00:14:00,1929,4987.86,98.38,3,79.05,13,0.79,5.0,3.05,29.1,0,50.11,67.82,71.47,308.2
420,2025-10-24 00:14:00,1667,6676.98,77.77,2,81.88,10,7.31,7.82,2.75,48.3,0,27.82,69.12,120.88,317.46
421,2025-11-22 00:14:00,2971,5163.66,76.51,4,84.08,7,7.77,7.83,1.33,47.34,0,42.69,77.31,84.5,251.22
422,2025-11-18 00:14:00,1947,4802.22,79.81,5,81.98,11,4.4,9.1,3.4,46.0,0,28.46,63.67,69.3,266.05
423,2025-10-20 00:14:00,3132,6838.15,76.97,6,73.97,13,0.0,9.9,3.72,48.85,0,60.41,78.5,108.4,300.11
424,2025-11-06 00:14:00,2702,4419.45,88.0,4,89.49,0,4.28,7.88,3.23,52.64,1,60.75,66.05,19.76,328.01
425,2025-11-01 00:14:00,984,5534.78,63.84,4,91.37,15,4.87,11.71,2.68,48.5,0,24.05,85.63,47.47,152.42
426,2025-11-12 00:14:00,4047,5643.4,69.46,5,88.26,8,2.98,8.45,3.59,37.36,0,70.01,98.38,94.68,184.23
427,2025-10-09 00:14:00,4295,3663.82,69.32,3,79.31,12,3.97,7.31,3.68,54.86,0,87.46,66.39,102.47,315.47
428,2025-11-02 00:14:00,1887,6984.08,89.5,9,83.99,15,8.06,4.78,3.31,30.51,0,50.69,80.34,88.92,236.16
429,2025-11-07 00:14:00,2112,4650.08,97.11,1,84.97,3,6.33,7.47,2.18,29.5,1,40.38,67.73,52.62,216.41
430,2025-09-27 00:14:00,2785,3488.51,78.96,5,87.99,6,3.15,7.33,3.28,57.39,0,92.36,85.41,75.46,187.29
431,2025-10-06 00:14:00,2834,6073.02,78.31,9,88.34,8,1.8,9.92,4.2,55.07,1,30.22,62.35,111.74,222.25
432,2025-09-23 00:14:00,3158,3203.06,80.7,5,81.33,6,4.35,8.92,2.4,49.43,0,50.3,79.81,117.45,179.88
433,2025-10-19 00:14:00,4510,5056.36,91.62,4,85.41,18,4.57,5.64,5.1,36.05,0,52.69,66.27,99.51,354.55
434,2025-11-02 00:14:00,2323,4981.76,70.73,4,87.29,5,5.99,8.34,2.47,42.92,0,70.18,72.93,134.71,248.88
435,2025-11-14 00:14:00,1701,7171.79,82.38,4,92.28,7,3.93,9.34,3.03,47.37,0,55.4,64.69,111.92,247.1
436,2025-10-24 00:14:00,1120,5949.4,89.75,7,88.52,11,6.02,11.06,2.33,34.04,0,42.52,83.22,77.58,279.4
437,2025-11-16 00:14:00,1769,4949.95,85.01,0,88.95,3,8.87,9.78,3.22,42.61,0,35.73,66.63,91.58,298.12
